partitionKey,data,stream,shardId,sequenceNumber,approximateArrivalTimestamp
partition-user,eyJpbmQiOjc1MjgsImZpcnN0X25hbWUiOiJBYmlnYWlsIiwibGFzdF9uYW1lIjoiQWxpIiwiYWdlIjoyMCwiZGF0ZV9qb2luZWQiOiIyMDE1LTEwLTI0IDExOjIzOjUxIn0=,streaming-0ad8a60ac12f-user,shardId-000000000000,49648256421248313573246050223309610985396448393091350530,2024-01-14T15:59:44.638+0000
partition-user,eyJpbmQiOjI4NjMsImZpcnN0X25hbWUiOiJEeWxhbiIsImxhc3RfbmFtZSI6IkhvbG1lcyIsImFnZSI6MzIsImRhdGVfam9pbmVkIjoiMjAxNi0xMC0yMyAxNDowNjo1MSJ9,streaming-0ad8a60ac12f-user,shardId-000000000000,49648256421248313573246050225081896236951494900649558018,2024-01-14T15:59:47.500+0000
partition-user,eyJpbmQiOjU3MzAsImZpcnN0X25hbWUiOiJSYWNoZWwiLCJsYXN0X25hbWUiOiJEYXZpcyIsImFnZSI6MzYsImRhdGVfam9pbmVkIjoiMjAxNS0xMi0wOCAyMDowMjo0MyJ9,streaming-0ad8a60ac12f-user,shardId-000000000000,49648256421248313573246050226828794046294634264258412546,2024-01-14T15:59:50.415+0000
partition-user,eyJpbmQiOjgzMDQsImZpcnN0X25hbWUiOiJDaGFybGVzIiwibGFzdF9uYW1lIjoiQmVycnkiLCJhZ2UiOjI1LCJkYXRlX2pvaW5lZCI6IjIwMTUtMTItMjggMDQ6MjE6MzkifQ==,streaming-0ad8a60ac12f-user,shardId-000000000000,49648256421248313573246050228711091547434612095434358786,2024-01-14T15:59:53.296+0000
partition-user,eyJpbmQiOjg3MzEsImZpcnN0X25hbWUiOiJBbmRyZWEiLCJsYXN0X25hbWUiOiJBbGV4YW5kZXIiLCJhZ2UiOjIxLCJkYXRlX2pvaW5lZCI6IjIwMTUtMTEtMTAgMDk6Mjc6NDIifQ==,streaming-0ad8a60ac12f-user,shardId-000000000000,49648256421248313573246050229799124785087778421389393922,2024-01-14T15:59:55.151+0000
partition-user,eyJpbmQiOjEzMTMsImZpcnN0X25hbWUiOiJCcml0dGFueSIsImxhc3RfbmFtZSI6IkpvbmVzIiwiYWdlIjozMiwiZGF0ZV9qb2luZWQiOiIyMDE2LTA0LTAyIDAzOjUxOjIzIn0=,streaming-0ad8a60ac12f-user,shardId-000000000000,49648256421248313573246050230962111423557051893615165442,2024-01-14T15:59:56.951+0000
partition-user,eyJpbmQiOjQzMTUsImZpcnN0X25hbWUiOiJNaWNoZWxsZSIsImxhc3RfbmFtZSI6IlByaW5jZSIsImFnZSI6MzYsImRhdGVfam9pbmVkIjoiMjAxNS0xMi0yMCAxNjozODoxMyJ9,streaming-0ad8a60ac12f-user,shardId-000000000000,49648256421248313573246050232641309387001771954720997378,2024-01-14T15:59:59.837+0000
partition-user,eyJpbmQiOjEwNzk0LCJmaXJzdF9uYW1lIjoiVGhvbWFzIiwibGFzdF9uYW1lIjoiVHVybmVyIiwiYWdlIjozNCwiZGF0ZV9qb2luZWQiOiIyMDE2LTEyLTIyIDAwOjAyOjAyIn0=,streaming-0ad8a60ac12f-user,shardId-000000000000,49648256421248313573246050234877822153288836202805329922,2024-01-14T16:00:03.681+0000
partition-user,eyJpbmQiOjU0OTQsImZpcnN0X25hbWUiOiJBbm5lIiwibGFzdF9uYW1lIjoiQWxsZW4iLCJhZ2UiOjI3LCJkYXRlX2pvaW5lZCI6IjIwMTUtMTItMTYgMTU6MjA6MDUifQ==,streaming-0ad8a60ac12f-user,shardId-000000000000,49648256421248313573246050236147194263884196973685768194,2024-01-14T16:00:05.554+0000
partition-user,eyJpbmQiOjUwNjksImZpcnN0X25hbWUiOiJBbWFuZGEiLCJsYXN0X25hbWUiOiJCYWxsIiwiYWdlIjoyNSwiZGF0ZV9qb2luZWQiOiIyMDE2LTAxLTEzIDE3OjM2OjMwIn0=,streaming-0ad8a60ac12f-user,shardId-000000000000,49648256421248313573246050237383925377349962756849139714,2024-01-14T16:00:07.311+0000
partition-user,eyJpbmQiOjI5MjMsImZpcnN0X25hbWUiOiJCcmlhbiIsImxhc3RfbmFtZSI6Ik5lbHNvbiIsImFnZSI6MjYsImRhdGVfam9pbmVkIjoiMjAxNS0xMS0xMSAwMzoyMDo1NyJ9,streaming-0ad8a60ac12f-user,shardId-000000000000,49648256421248313573246050238670222449419928336175464450,2024-01-14T16:00:09.147+0000
partition-user,eyJpbmQiOjMwODksImZpcnN0X25hbWUiOiJBYmlnYWlsIiwibGFzdF9uYW1lIjoiQWxpIiwiYWdlIjoyMCwiZGF0ZV9qb2luZWQiOiIyMDE1LTEwLTI0IDExOjIzOjUxIn0=,streaming-0ad8a60ac12f-user,shardId-000000000000,49648256421248313573246050239942012411654518296685838338,2024-01-14T16:00:11.078+0000
partition-user,eyJpbmQiOjYwNjMsImZpcnN0X25hbWUiOiJDb3JleSIsImxhc3RfbmFtZSI6IkFuZHJld3MiLCJhZ2UiOjIzLCJkYXRlX2pvaW5lZCI6IjIwMTUtMTEtMjUgMTM6MzY6MjIifQ==,streaming-0ad8a60ac12f-user,shardId-000000000000,49648256421248313573246050241968172085328637068371296258,2024-01-14T16:00:13.965+0000
partition-user,eyJpbmQiOjM0NTQsImZpcnN0X25hbWUiOiJSb2JlcnQiLCJsYXN0X25hbWUiOiJNdXJwaHkiLCJhZ2UiOjQ4LCJkYXRlX2pvaW5lZCI6IjIwMTctMDktMjYgMTY6MzE6NTYifQ==,streaming-0ad8a60ac12f-user,shardId-000000000000,49648256421248313573246050244139402857356511203582541826,2024-01-14T16:00:16.954+0000
partition-user,eyJpbmQiOjc1NTQsImZpcnN0X25hbWUiOiJDaGVyeWwiLCJsYXN0X25hbWUiOiJIdWVydGEiLCJhZ2UiOjIwLCJkYXRlX2pvaW5lZCI6IjIwMTctMDQtMTEgMTY6MzU6MzMifQ==,streaming-0ad8a60ac12f-user,shardId-000000000000,49648256421248313573246050246128085830622576402132631554,2024-01-14T16:00:19.802+0000
partition-user,eyJpbmQiOjYxNDUsImZpcnN0X25hbWUiOiJFbWlseSIsImxhc3RfbmFtZSI6Ikhhd2tpbnMiLCJhZ2UiOjMwLCJkYXRlX2pvaW5lZCI6IjIwMTUtMTItMjUgMjA6MjQ6MzcifQ==,streaming-0ad8a60ac12f-user,shardId-000000000000,49648256421248313573246050248143365171920163442526257154,2024-01-14T16:00:22.657+0000
partition-user,eyJpbmQiOjEwNjI1LCJmaXJzdF9uYW1lIjoiQ2hyaXN0aWFuIiwibGFzdF9uYW1lIjoiTGFuZyIsImFnZSI6MzIsImRhdGVfam9pbmVkIjoiMjAxNy0xMC0xMCAyMDowOTozMyJ9,streaming-0ad8a60ac12f-user,shardId-000000000000,49648256421248313573246050249523958457920070028760186882,2024-01-14T16:00:24.599+0000
partition-user,eyJpbmQiOjI5NTksImZpcnN0X25hbWUiOiJEYXZpZCIsImxhc3RfbmFtZSI6IkdyaWZmaXRoIiwiYWdlIjoyMCwiZGF0ZV9qb2luZWQiOiIyMDE2LTAxLTA3IDE5OjQ5OjIyIn0=,streaming-0ad8a60ac12f-user,shardId-000000000000,49648256421248313573246050250929939186131883965101899778,2024-01-14T16:00:26.538+0000
partition-user,eyJpbmQiOjk4NzUsImZpcnN0X25hbWUiOiJCcmVuZGFuIiwibGFzdF9uYW1lIjoiSm9zZXBoIiwiYWdlIjoyNiwiZGF0ZV9qb2luZWQiOiIyMDE1LTEyLTIwIDEwOjI4OjAwIn0=,streaming-0ad8a60ac12f-user,shardId-000000000000,49648256421248313573246050252213818406562620286078812162,2024-01-14T16:00:28.415+0000
partition-user,eyJpbmQiOjI0MTgsImZpcnN0X25hbWUiOiJBbWFuZGEiLCJsYXN0X25hbWUiOiJBZGFtcyIsImFnZSI6MjAsImRhdGVfam9pbmVkIjoiMjAxNS0xMC0yMSAwODoyNzozNiJ9,streaming-0ad8a60ac12f-user,shardId-000000000000,49648256421248313573246050254061057058933773871188279298,2024-01-14T16:00:31.271+0000
partition-user,eyJpbmQiOjMxNTYsImZpcnN0X25hbWUiOiJBbmRyZXciLCJsYXN0X25hbWUiOiJCYWtlciIsImFnZSI6MjIsImRhdGVfam9pbmVkIjoiMjAxNS0xMi0yMSAwODowNjo1NCJ9,streaming-0ad8a60ac12f-user,shardId-000000000000,49648256421248313573246050255412636125262929425948737538,2024-01-14T16:00:33.245+0000
partition-user,eyJpbmQiOjQyOCwiZmlyc3RfbmFtZSI6IkNsYXVkaWEiLCJsYXN0X25hbWUiOiJBZGFtcyIsImFnZSI6MjAsImRhdGVfam9pbmVkIjoiMjAxNS0xMS0yOCAwMjoyMDoyOSJ9,streaming-0ad8a60ac12f-user,shardId-000000000000,49648256421248313573246050256587712021928349052482617346,2024-01-14T16:00:35.020+0000
partition-user,eyJpbmQiOjczNDMsImZpcnN0X25hbWUiOiJBbm5lIiwibGFzdF9uYW1lIjoiQ2xheXRvbiIsImFnZSI6MjQsImRhdGVfam9pbmVkIjoiMjAxNi0wMS0xMSAxMjowMzo0OCJ9,streaming-0ad8a60ac12f-user,shardId-000000000000,49648256421248313573246050257973141011206714224134848514,2024-01-14T16:00:36.960+0000
partition-user,eyJpbmQiOjIwNzQsImZpcnN0X25hbWUiOiJBbm5ldHRlIiwibGFzdF9uYW1lIjoiRm9yYmVzIiwiYWdlIjoyMSwiZGF0ZV9qb2luZWQiOiIyMDE2LTAxLTAzIDE1OjQyOjEyIn0=,streaming-0ad8a60ac12f-user,shardId-000000000000,49648256421248313573246050259920720506605882030744928258,2024-01-14T16:00:39.725+0000
partition-user,eyJpbmQiOjk5NzksImZpcnN0X25hbWUiOiJLYXlsZWUiLCJsYXN0X25hbWUiOiJNaWxsZXIiLCJhZ2UiOjMxLCJkYXRlX2pvaW5lZCI6IjIwMTYtMTEtMDkgMTk6NTA6NTEifQ==,streaming-0ad8a60ac12f-user,shardId-000000000000,49648256421248313573246050261132064177859740601239470082,2024-01-14T16:00:41.595+0000
partition-user,eyJpbmQiOjEwMTM4LCJmaXJzdF9uYW1lIjoiQ2Fyb2wiLCJsYXN0X25hbWUiOiJTaWx2YSIsImFnZSI6MjIsImRhdGVfam9pbmVkIjoiMjAxNS0xMi0zMSAxNDo1NzowMiJ9,streaming-0ad8a60ac12f-user,shardId-000000000000,49648256421248313573246050262518702092957720333346930690,2024-01-14T16:00:43.533+0000
partition-user,eyJpbmQiOjk2NzIsImZpcnN0X25hbWUiOiJKZW5uaWZlciIsImxhc3RfbmFtZSI6Ikh1ZHNvbiIsImFnZSI6MjIsImRhdGVfam9pbmVkIjoiMjAxNi0wMi0xMSAyMDo0NjowNCJ9,streaming-0ad8a60ac12f-user,shardId-000000000000,49648256421248313573246050264546070692451453734207094786,2024-01-14T16:00:46.355+0000
partition-user,eyJpbmQiOjg2NTMsImZpcnN0X25hbWUiOiJUYW1teSIsImxhc3RfbmFtZSI6IkRhdmlzIiwiYWdlIjoyNCwiZGF0ZV9qb2luZWQiOiIyMDE2LTAzLTA5IDEwOjQ4OjE0In0=,streaming-0ad8a60ac12f-user,shardId-000000000000,49648256421248313573246050266673780134973201219128918018,2024-01-14T16:00:49.423+0000
partition-user,eyJpbmQiOjg4ODcsImZpcnN0X25hbWUiOiJBdXN0aW4iLCJsYXN0X25hbWUiOiJSb2RyaWd1ZXoiLCJhZ2UiOjI0LCJkYXRlX2pvaW5lZCI6IjIwMTYtMDMtMzEgMjA6NTY6MzkifQ==,streaming-0ad8a60ac12f-user,shardId-000000000000,49648256421248313573246050268730162954137685651462553602,2024-01-14T16:00:52.263+0000
partition-user,eyJpbmQiOjc5MjIsImZpcnN0X25hbWUiOiJEZW5pc2UiLCJsYXN0X25hbWUiOiJBZGFtcyIsImFnZSI6MjEsImRhdGVfam9pbmVkIjoiMjAxNS0xMS0xMiAwNjoyMTozNiJ9,streaming-0ad8a60ac12f-user,shardId-000000000000,49648256421248313573246050270640265749128800022376218626,2024-01-14T16:00:55.061+0000
partition-user,eyJpbmQiOjEwMTQsImZpcnN0X25hbWUiOiJHcmVnb3J5IiwibGFzdF9uYW1lIjoiUmFtc2V5IiwiYWdlIjo1NiwiZGF0ZV9qb2luZWQiOiIyMDE2LTEwLTE1IDE3OjIxOjM5In0=,streaming-0ad8a60ac12f-user,shardId-000000000000,49648256421248313573246050272539488211743382661998051330,2024-01-14T16:00:57.946+0000
partition-user,eyJpbmQiOjQ5MTMsImZpcnN0X25hbWUiOiJBbmdlbGEiLCJsYXN0X25hbWUiOiJCcm9va3MiLCJhZ2UiOjI0LCJkYXRlX2pvaW5lZCI6IjIwMTUtMTEtMjAgMDU6Mzc6MTEifQ==,streaming-0ad8a60ac12f-user,shardId-000000000000,49648256421248313573246050273851172726025255385273729026,2024-01-14T16:00:59.915+0000
partition-user,eyJpbmQiOjQxMzcsImZpcnN0X25hbWUiOiJNaWNoYWVsIiwibGFzdF9uYW1lIjoiRGVja2VyIiwiYWdlIjo1OSwiZGF0ZV9qb2luZWQiOiIyMDE3LTA2LTI5IDIyOjM1OjE3In0=,streaming-0ad8a60ac12f-user,shardId-000000000000,49648256421248313573246050275757648743557525868663275522,2024-01-14T16:01:02.781+0000
partition-user,eyJpbmQiOjcxNjYsImZpcnN0X25hbWUiOiJBbHZpbiIsImxhc3RfbmFtZSI6IkFkYW1zIiwiYWdlIjoyMCwiZGF0ZV9qb2luZWQiOiIyMDE2LTAxLTAxIDEzOjUwOjQwIn0=,streaming-0ad8a60ac12f-user,shardId-000000000000,49648256421248313573246050277093511774231691175433076738,2024-01-14T16:01:04.793+0000
partition-user,eyJpbmQiOjk1NDYsImZpcnN0X25hbWUiOiJBbGV4IiwibGFzdF9uYW1lIjoiQmFybmVzIiwiYWdlIjoyMCwiZGF0ZV9qb2luZWQiOiIyMDE2LTAyLTI3IDIxOjEzOjQ0In0=,streaming-0ad8a60ac12f-user,shardId-000000000000,49648256421248313573246050279032628788893556509100736514,2024-01-14T16:01:07.722+0000
partition-user,eyJpbmQiOjI0MTEsImZpcnN0X25hbWUiOiJBYXJvbiIsImxhc3RfbmFtZSI6IkJhcnRsZXR0IiwiYWdlIjoyMSwiZGF0ZV9qb2luZWQiOiIyMDE1LTExLTI0IDAyOjE1OjM2In0=,streaming-0ad8a60ac12f-user,shardId-000000000000,49648256421248313573246050281091429459697270268503261186,2024-01-14T16:01:10.749+0000
partition-user,eyJpbmQiOjk1OTAsImZpcnN0X25hbWUiOiJBbWFuZGEiLCJsYXN0X25hbWUiOiJBbGxlbiIsImFnZSI6MjIsImRhdGVfam9pbmVkIjoiMjAxNS0xMC0yNCAxODo1NjozMCJ9,streaming-0ad8a60ac12f-user,shardId-000000000000,49648256421248313573246050282209685842840802323825950722,2024-01-14T16:01:12.649+0000
partition-user,eyJpbmQiOjI2OTgsImZpcnN0X25hbWUiOiJLYXlsYSIsImxhc3RfbmFtZSI6IkJ1cnRvbiIsImFnZSI6NDQsImRhdGVfam9pbmVkIjoiMjAxNy0wNi0yMSAxOTo1MzoyNyJ9,streaming-0ad8a60ac12f-user,shardId-000000000000,49648256421248313573246050283963837207101629531202519042,2024-01-14T16:01:15.581+0000
partition-user,eyJpbmQiOjQ1MDgsImZpcnN0X25hbWUiOiJNaWNoYWVsIiwibGFzdF9uYW1lIjoiQ2FydGVyIiwiYWdlIjo1OCwiZGF0ZV9qb2luZWQiOiIyMDE2LTA2LTAzIDIzOjM1OjMwIn0=,streaming-0ad8a60ac12f-user,shardId-000000000000,49648256421248313573246050285131659548849361382688161794,2024-01-14T16:01:17.455+0000
partition-user,eyJpbmQiOjgzMSwiZmlyc3RfbmFtZSI6IkFpbWVlIiwibGFzdF9uYW1lIjoiQ29sbGlucyIsImFnZSI6MjgsImRhdGVfam9pbmVkIjoiMjAxNi0wNi0xNiAwMjowNjozOCJ9,streaming-0ad8a60ac12f-user,shardId-000000000000,49648256421248313573246050286223319563961371733606268930,2024-01-14T16:01:19.284+0000
partition-user,eyJpbmQiOjUwNzYsImZpcnN0X25hbWUiOiJDaHJpc3RvcGhlciIsImxhc3RfbmFtZSI6IkJ1dGxlciIsImFnZSI6MjAsImRhdGVfam9pbmVkIjoiMjAxNS0xMi0wMSAxNTowODozMSJ9,streaming-0ad8a60ac12f-user,shardId-000000000000,49648256421248313573246050287229145845880743275681284098,2024-01-14T16:01:21.207+0000
partition-user,eyJpbmQiOjEwNjYzLCJmaXJzdF9uYW1lIjoiSnVsaWUiLCJsYXN0X25hbWUiOiJDb3giLCJhZ2UiOjIzLCJkYXRlX2pvaW5lZCI6IjIwMTYtMDYtMjMgMTQ6Mzg6MDAifQ==,streaming-0ad8a60ac12f-user,shardId-000000000000,49648256421248313573246050288286955938043544009707618306,2024-01-14T16:01:23.088+0000
partition-user,eyJpbmQiOjU0NjgsImZpcnN0X25hbWUiOiJMaXNhIiwibGFzdF9uYW1lIjoiR2FtYmxlIiwiYWdlIjoyMCwiZGF0ZV9qb2luZWQiOiIyMDE2LTA3LTIzIDIwOjUxOjA2In0=,streaming-0ad8a60ac12f-user,shardId-000000000000,49648256421248313573246050289973407456405951845861687298,2024-01-14T16:01:25.914+0000
partition-user,eyJpbmQiOjIwNSwiZmlyc3RfbmFtZSI6IkJyZXR0IiwibGFzdF9uYW1lIjoiQnJ5YW50IiwiYWdlIjoyMCwiZGF0ZV9qb2luZWQiOiIyMDE1LTEwLTIzIDEyOjQwOjE5In0=,streaming-0ad8a60ac12f-user,shardId-000000000000,49648256421248313573246050291698544600996027884325830658,2024-01-14T16:01:28.839+0000
partition-user,eyJpbmQiOjc3OTAsImZpcnN0X25hbWUiOiJNaWNoZWxsZSIsImxhc3RfbmFtZSI6Ikd1dGllcnJleiIsImFnZSI6MzksImRhdGVfam9pbmVkIjoiMjAxNy0wNy0xOSAwNzoxMjowNCJ9,streaming-0ad8a60ac12f-user,shardId-000000000000,49648256421248313573246050292735802954225379784943206402,2024-01-14T16:01:30.688+0000
partition-user,eyJpbmQiOjg2MDYsImZpcnN0X25hbWUiOiJEZW5pc2UiLCJsYXN0X25hbWUiOiJBZGFtcyIsImFnZSI6MjEsImRhdGVfam9pbmVkIjoiMjAxNS0xMS0xMiAwNjoyMTozNiJ9,streaming-0ad8a60ac12f-user,shardId-000000000000,49648256421248313573246050293889118186137736223771328514,2024-01-14T16:01:32.645+0000
partition-user,eyJpbmQiOjk3NTksImZpcnN0X25hbWUiOiJEYW5pZWwiLCJsYXN0X25hbWUiOiJCcm9va3MiLCJhZ2UiOjI1LCJkYXRlX2pvaW5lZCI6IjIwMTUtMTEtMTkgMjE6MjQ6MzMifQ==,streaming-0ad8a60ac12f-user,shardId-000000000000,49648256421248313573246050294861094545107898217674047490,2024-01-14T16:01:34.502+0000
partition-user,eyJpbmQiOjcxOSwiZmlyc3RfbmFtZSI6IkFsaWNpYSIsImxhc3RfbmFtZSI6IkF2aWxhIiwiYWdlIjoyMCwiZGF0ZV9qb2luZWQiOiIyMDE2LTAxLTI2IDAxOjQ5OjIzIn0=,streaming-0ad8a60ac12f-user,shardId-000000000000,49648256421248313573246050295864502975388040570119127042,2024-01-14T16:01:36.389+0000
partition-user,eyJpbmQiOjE3MDQsImZpcnN0X25hbWUiOiJCYXJyeSIsImxhc3RfbmFtZSI6Ikx5bm4iLCJhZ2UiOjIwLCJkYXRlX2pvaW5lZCI6IjIwMTUtMTAtMjggMDU6MDA6MzMifQ==,streaming-0ad8a60ac12f-user,shardId-000000000000,49648256421248313573246050297304333626549064054633136130,2024-01-14T16:01:39.197+0000
partition-user,eyJpbmQiOjI0ODIsImZpcnN0X25hbWUiOiJEYXZpZCIsImxhc3RfbmFtZSI6Ik1vc3MiLCJhZ2UiOjIyLCJkYXRlX2pvaW5lZCI6IjIwMTYtMDMtMDEgMDc6MTE6NDgifQ==,streaming-0ad8a60ac12f-user,shardId-000000000000,49648256421248313573246050298888026450244228548376133634,2024-01-14T16:01:42.074+0000
partition-user,eyJpbmQiOjg5MzAsImZpcnN0X25hbWUiOiJBbmRyZXciLCJsYXN0X25hbWUiOiJBbmRlcnNvbiIsImFnZSI6MjMsImRhdGVfam9pbmVkIjoiMjAxNS0xMS0yOCAxMTo1MjozNyJ9,streaming-0ad8a60ac12f-user,shardId-000000000000,49648256421248313573246050300576895820245865642879614978,2024-01-14T16:01:44.976+0000
partition-user,eyJpbmQiOjcyOTQsImZpcnN0X25hbWUiOiJEYXduIiwibGFzdF9uYW1lIjoiQW5kZXJzb24iLCJhZ2UiOjIwLCJkYXRlX2pvaW5lZCI6IjIwMTYtMTItMzEgMDA6MDY6MzYifQ==,streaming-0ad8a60ac12f-user,shardId-000000000000,49648256421248313573246050301540409698478725301278867458,2024-01-14T16:01:46.776+0000
partition-user,eyJpbmQiOjgwOCwiZmlyc3RfbmFtZSI6IkFhcm9uIiwibGFzdF9uYW1lIjoiQmFydGxldHQiLCJhZ2UiOjIxLCJkYXRlX2pvaW5lZCI6IjIwMTUtMTEtMjQgMDI6MTU6MzYifQ==,streaming-0ad8a60ac12f-user,shardId-000000000000,49648256421248313573246050302572832348429618685197418498,2024-01-14T16:01:48.545+0000
partition-user,eyJpbmQiOjc3MSwiZmlyc3RfbmFtZSI6IkJyaXR0YW55IiwibGFzdF9uYW1lIjoiQnV0bGVyIiwiYWdlIjozMiwiZGF0ZV9qb2luZWQiOiIyMDE2LTAzLTEwIDA0OjExOjMxIn0=,streaming-0ad8a60ac12f-user,shardId-000000000000,49648256421248313573246050304216971463105514500236771330,2024-01-14T16:01:51.430+0000
partition-user,eyJpbmQiOjQwNzYsImZpcnN0X25hbWUiOiJMYXJyeSIsImxhc3RfbmFtZSI6IlBpbmVkYSIsImFnZSI6MjAsImRhdGVfam9pbmVkIjoiMjAxNS0xMC0yMyAyMjo0NzozOSJ9,streaming-0ad8a60ac12f-user,shardId-000000000000,49648256421248313573246050305213126338467969146353090562,2024-01-14T16:01:53.275+0000
partition-user,eyJpbmQiOjE1NDUsImZpcnN0X25hbWUiOiJKb25hdGhhbiIsImxhc3RfbmFtZSI6IkF2aWxhIiwiYWdlIjo0NiwiZGF0ZV9qb2luZWQiOiIyMDE1LTExLTI3IDIzOjExOjIxIn0=,streaming-0ad8a60ac12f-user,shardId-000000000000,49648256421248313573246050306176640216700828667313389570,2024-01-14T16:01:55.079+0000
partition-user,eyJpbmQiOjIyOTMsImZpcnN0X25hbWUiOiJBbGV4IiwibGFzdF9uYW1lIjoiQmVhbiIsImFnZSI6MjQsImRhdGVfam9pbmVkIjoiMjAxNi0wMS0xMSAyMzowODoyNyJ9,streaming-0ad8a60ac12f-user,shardId-000000000000,49648256421248313573246050307200600385914419715728474114,2024-01-14T16:01:56.959+0000
partition-user,eyJpbmQiOjEwNTA5LCJmaXJzdF9uYW1lIjoiQnJpdHRhbnkiLCJsYXN0X25hbWUiOiJUaG9tcHNvbiIsImFnZSI6NDksImRhdGVfam9pbmVkIjoiMjAxNi0wNC0yMiAyMDozNjowMiJ9,streaming-0ad8a60ac12f-user,shardId-000000000000,49648256421248313573246050308153233931770747642835894274,2024-01-14T16:01:58.829+0000
partition-user,eyJpbmQiOjIwMTUsImZpcnN0X25hbWUiOiJDaHJpc3RvcGhlciIsImxhc3RfbmFtZSI6IkJyYWRzaGF3IiwiYWdlIjoyNywiZGF0ZV9qb2luZWQiOiIyMDE2LTAzLTA4IDEzOjM4OjM3In0=,streaming-0ad8a60ac12f-user,shardId-000000000000,49648256421248313573246050309186865507541255724648628226,2024-01-14T16:02:00.625+0000
partition-user,eyJpbmQiOjEwOTQsImZpcnN0X25hbWUiOiJBbm4iLCJsYXN0X25hbWUiOiJFbGxpb3R0IiwiYWdlIjoyMCwiZGF0ZV9qb2luZWQiOiIyMDE2LTA3LTAyIDAyOjMyOjMwIn0=,streaming-0ad8a60ac12f-user,shardId-000000000000,49648256421248313573246050310849138509511371046028050434,2024-01-14T16:02:03.558+0000
partition-user,eyJpbmQiOjYwMywiZmlyc3RfbmFtZSI6IkJyYW5kb24iLCJsYXN0X25hbWUiOiJKYWNrc29uIiwiYWdlIjo0NCwiZGF0ZV9qb2luZWQiOiIyMDE2LTEwLTI5IDAyOjA3OjIxIn0=,streaming-0ad8a60ac12f-user,shardId-000000000000,49648256421248313573246050312467890181975359717118050306,2024-01-14T16:02:06.396+0000
partition-user,eyJpbmQiOjc3NjgsImZpcnN0X25hbWUiOiJDaHJpc3RpbmUiLCJsYXN0X25hbWUiOiJDb3J0ZXoiLCJhZ2UiOjIzLCJkYXRlX2pvaW5lZCI6IjIwMTUtMTItMDEgMTg6MTU6MDIifQ==,streaming-0ad8a60ac12f-user,shardId-000000000000,49648256421248313573246050314176102365090830947136307202,2024-01-14T16:02:09.342+0000
partition-user,eyJpbmQiOjU2MzAsImZpcnN0X25hbWUiOiJDYXJsb3MiLCJsYXN0X25hbWUiOiJFc3RyYWRhIiwiYWdlIjoyMiwiZGF0ZV9qb2luZWQiOiIyMDE2LTAyLTA5IDE3OjAxOjM4In0=,streaming-0ad8a60ac12f-user,shardId-000000000000,49648256421248313573246050315920582322794740983676272642,2024-01-14T16:02:12.285+0000
partition-user,eyJpbmQiOjg1NzgsImZpcnN0X25hbWUiOiJKb2UiLCJsYXN0X25hbWUiOiJQaGFtIiwiYWdlIjo0OCwiZGF0ZV9qb2luZWQiOiIyMDE3LTA2LTAxIDIzOjEzOjI3In0=,streaming-0ad8a60ac12f-user,shardId-000000000000,49648256421248313573246050317684405093612485224450490370,2024-01-14T16:02:15.146+0000
partition-user,eyJpbmQiOjk5MzYsImZpcnN0X25hbWUiOiJBbnRob255IiwibGFzdF9uYW1lIjoiQ2FudHUiLCJhZ2UiOjI4LCJkYXRlX2pvaW5lZCI6IjIwMTYtMTEtMTUgMTA6NDA6MDMifQ==,streaming-0ad8a60ac12f-user,shardId-000000000000,49648256421248313573246050318890913061587885209526730754,2024-01-14T16:02:17.027+0000
partition-user,eyJpbmQiOjY4NDQsImZpcnN0X25hbWUiOiJQZXRlciIsImxhc3RfbmFtZSI6IlJvYmVydHMiLCJhZ2UiOjMwLCJkYXRlX2pvaW5lZCI6IjIwMTYtMDctMDMgMTA6NTk6NDAifQ==,streaming-0ad8a60ac12f-user,shardId-000000000000,49648256421248313573246050320774419488547477738596859906,2024-01-14T16:02:19.911+0000
partition-user,eyJpbmQiOjM0MTksImZpcnN0X25hbWUiOiJBYXJvbiIsImxhc3RfbmFtZSI6IkplbmtpbnMiLCJhZ2UiOjQ3LCJkYXRlX2pvaW5lZCI6IjIwMTctMDQtMjYgMDM6MjY6MjMifQ==,streaming-0ad8a60ac12f-user,shardId-000000000000,49648256421248313573246050321990598863079794757070749698,2024-01-14T16:02:21.753+0000
partition-user,eyJpbmQiOjEyNjgsImZpcnN0X25hbWUiOiJEb25uYSIsImxhc3RfbmFtZSI6IkNhbXBiZWxsIiwiYWdlIjozMiwiZGF0ZV9qb2luZWQiOiIyMDE2LTA2LTA4IDIyOjEwOjEzIn0=,streaming-0ad8a60ac12f-user,shardId-000000000000,49648256421248313573246050324028847794950059820503269378,2024-01-14T16:02:24.700+0000
partition-user,eyJpbmQiOjY1NjYsImZpcnN0X25hbWUiOiJBbGV4YW5kZXIiLCJsYXN0X25hbWUiOiJQZXJleiIsImFnZSI6MzEsImRhdGVfam9pbmVkIjoiMjAxNy0wOC0wNCAxNDozMDoyMiJ9,streaming-0ad8a60ac12f-user,shardId-000000000000,49648256421248313573246050325980054067808071445917990914,2024-01-14T16:02:27.550+0000
partition-user,eyJpbmQiOjE1NTUsImZpcnN0X25hbWUiOiJBbGV4aXMiLCJsYXN0X25hbWUiOiJCZW5uZXR0IiwiYWdlIjo1NCwiZGF0ZV9qb2luZWQiOiIyMDE2LTA1LTE1IDA0OjIyOjAxIn0=,streaming-0ad8a60ac12f-user,shardId-000000000000,49648256421248313573246050327677385918547010944644415490,2024-01-14T16:02:30.354+0000
partition-user,eyJpbmQiOjM3MjksImZpcnN0X25hbWUiOiJSaWNoYXJkIiwibGFzdF9uYW1lIjoiRWR3YXJkcyIsImFnZSI6NTIsImRhdGVfam9pbmVkIjoiMjAxNi0wMi0wNyAyMDowMDoyNSJ9,streaming-0ad8a60ac12f-user,shardId-000000000000,49648256421248313573246050328831910076278982012647243778,2024-01-14T16:02:32.206+0000
partition-user,eyJpbmQiOjYzOTgsImZpcnN0X25hbWUiOiJDaHJpc3RpbmEiLCJsYXN0X25hbWUiOiJEYXZlbnBvcnQiLCJhZ2UiOjM5LCJkYXRlX2pvaW5lZCI6IjIwMTYtMDYtMjkgMjA6NDM6NTkifQ==,streaming-0ad8a60ac12f-user,shardId-000000000000,49648256421248313573246050329973136049995192091008827394,2024-01-14T16:02:34.074+0000
partition-user,eyJpbmQiOjQ2LCJmaXJzdF9uYW1lIjoiRXJpayIsImxhc3RfbmFtZSI6IktlbGxleSIsImFnZSI6MzAsImRhdGVfam9pbmVkIjoiMjAxNi0wMS0wNiAwOTo1ODo1NiJ9,streaming-0ad8a60ac12f-user,shardId-000000000000,49648256421248313573246050331799822963432896980148289538,2024-01-14T16:02:36.975+0000
partition-user,eyJpbmQiOjQ5ODgsImZpcnN0X25hbWUiOiJSaG9uZGEiLCJsYXN0X25hbWUiOiJEdXJoYW0iLCJhZ2UiOjI1LCJkYXRlX2pvaW5lZCI6IjIwMTctMDctMjAgMDU6NTE6MjMifQ==,streaming-0ad8a60ac12f-user,shardId-000000000000,49648256421248313573246050333714761461702469730321825794,2024-01-14T16:02:39.857+0000
partition-user,eyJpbmQiOjQyNywiZmlyc3RfbmFtZSI6IkpvbiIsImxhc3RfbmFtZSI6IkJ1cmtlIiwiYWdlIjoyNSwiZGF0ZV9qb2luZWQiOiIyMDE1LTExLTI2IDE3OjQyOjM3In0=,streaming-0ad8a60ac12f-user,shardId-000000000000,49648256421248313573246050334847524954681377404460466178,2024-01-14T16:02:41.690+0000
partition-user,eyJpbmQiOjM4MDAsImZpcnN0X25hbWUiOiJBZGFtIiwibGFzdF9uYW1lIjoiQXJtc3Ryb25nIiwiYWdlIjoyMCwiZGF0ZV9qb2luZWQiOiIyMDE1LTEyLTE3IDA4OjQzOjQwIn0=,streaming-0ad8a60ac12f-user,shardId-000000000000,49648256421248313573246050336772134859507867256751128578,2024-01-14T16:02:44.590+0000
partition-user,eyJpbmQiOjE1OSwiZmlyc3RfbmFtZSI6IkFsaXNvbiIsImxhc3RfbmFtZSI6IkJlbGwiLCJhZ2UiOjIxLCJkYXRlX2pvaW5lZCI6IjIwMTYtMDEtMDcgMDg6MTE6MzUifQ==,streaming-0ad8a60ac12f-user,shardId-000000000000,49648256421248313573246050338558927220898289314405810178,2024-01-14T16:02:47.445+0000
partition-user,eyJpbmQiOjM1OTksImZpcnN0X25hbWUiOiJBbGV4YW5kcmlhIiwibGFzdF9uYW1lIjoiQWx2YXJhZG8iLCJhZ2UiOjIwLCJkYXRlX2pvaW5lZCI6IjIwMTUtMTAtMjMgMDQ6MTM6MjMifQ==,streaming-0ad8a60ac12f-user,shardId-000000000000,49648256421248313573246050339744883449940240740950999042,2024-01-14T16:02:49.308+0000
partition-user,eyJpbmQiOjEwNTUyLCJmaXJzdF9uYW1lIjoiTWljaGFlbCIsImxhc3RfbmFtZSI6Ikh1bnRlciIsImFnZSI6NDAsImRhdGVfam9pbmVkIjoiMjAxNy0wNS0xNiAwNzowOToyMSJ9,streaming-0ad8a60ac12f-user,shardId-000000000000,49648256421248313573246050341563107882640643157148041218,2024-01-14T16:02:52.172+0000
partition-user,eyJpbmQiOjE0MjIsImZpcnN0X25hbWUiOiJBYXJvbiIsImxhc3RfbmFtZSI6IkFiYm90dCIsImFnZSI6MjAsImRhdGVfam9pbmVkIjoiMjAxNS0xMC0zMSAxODo1MTowNyJ9,streaming-0ad8a60ac12f-user,shardId-000000000000,49648256421248313573246050342753899814961053031672578050,2024-01-14T16:02:53.978+0000
partition-user,eyJpbmQiOjUzMDksImZpcnN0X25hbWUiOiJEYW5pZWwiLCJsYXN0X25hbWUiOiJSb3kiLCJhZ2UiOjMxLCJkYXRlX2pvaW5lZCI6IjIwMTYtMDMtMDcgMDE6MDE6MjQifQ==,streaming-0ad8a60ac12f-user,shardId-000000000000,49648256421248313573246050344610809873889123650179694594,2024-01-14T16:02:56.855+0000
partition-user,eyJpbmQiOjU1MiwiZmlyc3RfbmFtZSI6IlJlZ2luYSIsImxhc3RfbmFtZSI6Ik1vcmFsZXMiLCJhZ2UiOjIwLCJkYXRlX2pvaW5lZCI6IjIwMTctMDEtMTcgMDE6NDk6MjcifQ==,streaming-0ad8a60ac12f-user,shardId-000000000000,49648256421248313573246050346384304051263784855632084994,2024-01-14T16:02:59.772+0000
partition-user,eyJpbmQiOjEzNzEsImZpcnN0X25hbWUiOiJBbWFuZGEiLCJsYXN0X25hbWUiOiJCcm93biIsImFnZSI6MjAsImRhdGVfam9pbmVkIjoiMjAxNS0xMS0xMiAwMzoyMzo0OSJ9,streaming-0ad8a60ac12f-user,shardId-000000000000,49648256421248313573246050347547290689733058259138379778,2024-01-14T16:03:01.729+0000
partition-user,eyJpbmQiOjEwMTE5LCJmaXJzdF9uYW1lIjoiQ2hlbHNlYSIsImxhc3RfbmFtZSI6IkdvbnphbGV6IiwiYWdlIjo0MywiZGF0ZV9qb2luZWQiOiIyMDE2LTA3LTIxIDE1OjI1OjA4In0=,streaming-0ad8a60ac12f-user,shardId-000000000000,49648256421248313573246050348652248888860829462258778114,2024-01-14T16:03:03.587+0000
partition-user,eyJpbmQiOjkwNzQsImZpcnN0X25hbWUiOiJBYXJvbiIsImxhc3RfbmFtZSI6IkFsZXhhbmRlciIsImFnZSI6MjEsImRhdGVfam9pbmVkIjoiMjAxNS0xMC0yNSAwNzozNjowOCJ9,streaming-0ad8a60ac12f-user,shardId-000000000000,49648256421248313573246050350611917642456143560615919618,2024-01-14T16:03:06.448+0000
partition-user,eyJpbmQiOjI2MDQsImZpcnN0X25hbWUiOiJBc2hsZXkiLCJsYXN0X25hbWUiOiJFdmFucyIsImFnZSI6MzAsImRhdGVfam9pbmVkIjoiMjAxNi0wMi0yMSAxMjo1NDowMSJ9,streaming-0ad8a60ac12f-user,shardId-000000000000,49648256421248313573246050351855902310839597118827528194,2024-01-14T16:03:08.328+0000
partition-user,eyJpbmQiOjIyMywiZmlyc3RfbmFtZSI6Ik1lbGFuaWUiLCJsYXN0X25hbWUiOiJIaWxsIiwiYWdlIjo1MSwiZGF0ZV9qb2luZWQiOiIyMDE2LTEwLTA5IDE0OjQ3OjUxIn0=,streaming-0ad8a60ac12f-user,shardId-000000000000,49648256421248313573246050353053947798077694699680825346,2024-01-14T16:03:10.196+0000
partition-user,eyJpbmQiOjgzMTIsImZpcnN0X25hbWUiOiJEYW5pZWwiLCJsYXN0X25hbWUiOiJCcm9va3MiLCJhZ2UiOjI1LCJkYXRlX2pvaW5lZCI6IjIwMTUtMTEtMTkgMjE6MjQ6MzMifQ==,streaming-0ad8a60ac12f-user,shardId-000000000000,49648256421248313573246050354943498854135360374624485378,2024-01-14T16:03:13.115+0000
partition-user,eyJpbmQiOjI4NTgsImZpcnN0X25hbWUiOiJBbm5lIiwibGFzdF9uYW1lIjoiQm9uZCIsImFnZSI6MjEsImRhdGVfam9pbmVkIjoiMjAxNS0xMi0yNyAyMzo0Mzo0MiJ9,streaming-0ad8a60ac12f-user,shardId-000000000000,49648256421248313573246050356800408913063430924412125186,2024-01-14T16:03:15.955+0000
partition-user,eyJpbmQiOjYyNjEsImZpcnN0X25hbWUiOiJOaWNob2xhcyIsImxhc3RfbmFtZSI6IkhhcnQiLCJhZ2UiOjM4LCJkYXRlX2pvaW5lZCI6IjIwMTUtMTAtMjYgMDk6NDU6NDUifQ==,streaming-0ad8a60ac12f-user,shardId-000000000000,49648256421248313573246050358595663755191155455009226754,2024-01-14T16:03:18.791+0000
partition-user,eyJpbmQiOjMyMDEsImZpcnN0X25hbWUiOiJFbGl6YWJldGgiLCJsYXN0X25hbWUiOiJUZXJyeSIsImFnZSI6MjgsImRhdGVfam9pbmVkIjoiMjAxNi0wMS0yOSAyMDozMjowNSJ9,streaming-0ad8a60ac12f-user,shardId-000000000000,49648256421248313573246050360364322229287358143762792450,2024-01-14T16:03:21.548+0000
partition-user,eyJpbmQiOjI2MzcsImZpcnN0X25hbWUiOiJTaGF3biIsImxhc3RfbmFtZSI6IkpvbmVzIiwiYWdlIjozMiwiZGF0ZV9qb2luZWQiOiIyMDE2LTA4LTIzIDIwOjM2OjEyIn0=,streaming-0ad8a60ac12f-user,shardId-000000000000,49648256421248313573246050361581710529639289860130865154,2024-01-14T16:03:23.372+0000
partition-user,eyJpbmQiOjExOTgsImZpcnN0X25hbWUiOiJBcmlhbmEiLCJsYXN0X25hbWUiOiJHcm9zcyIsImFnZSI6NTksImRhdGVfam9pbmVkIjoiMjAxNi0xMi0xNyAxMToxMDo0OCJ9,streaming-0ad8a60ac12f-user,shardId-000000000000,49648256421248313573246050363356413632833565626038484994,2024-01-14T16:03:26.152+0000
partition-user,eyJpbmQiOjEwMzcwLCJmaXJzdF9uYW1lIjoiRGVycmljayIsImxhc3RfbmFtZSI6IktpbSIsImFnZSI6MzAsImRhdGVfam9pbmVkIjoiMjAxNi0xMi0yMSAxMzozOToxNCJ9,streaming-0ad8a60ac12f-user,shardId-000000000000,49648256421248313573246050365191563027008572988120367106,2024-01-14T16:03:29.023+0000
partition-user,eyJpbmQiOjcxNjcsImZpcnN0X25hbWUiOiJEYXduIiwibGFzdF9uYW1lIjoiQnJhZGxleSIsImFnZSI6MjAsImRhdGVfam9pbmVkIjoiMjAxNi0wOC0yNiAxNjowOTo1MiJ9,streaming-0ad8a60ac12f-user,shardId-000000000000,49648256421248313573246050366344878258920929289509535746,2024-01-14T16:03:30.746+0000
partition-user,eyJpbmQiOjEwNjczLCJmaXJzdF9uYW1lIjoiQWxleGFuZGVyIiwibGFzdF9uYW1lIjoiQ2VydmFudGVzIiwiYWdlIjo1OSwiZGF0ZV9qb2luZWQiOiIyMDE3LTA1LTEyIDIxOjIyOjE3In0=,streaming-0ad8a60ac12f-user,shardId-000000000000,49648256421248313573246050367568311188370934220470616066,2024-01-14T16:03:32.548+0000
partition-user,eyJpbmQiOjIwNjAsImZpcnN0X25hbWUiOiJKb3NodWEiLCJsYXN0X25hbWUiOiJMb25nIiwiYWdlIjoyNywiZGF0ZV9qb2luZWQiOiIyMDE2LTEyLTE4IDEwOjExOjIzIn0=,streaming-0ad8a60ac12f-user,shardId-000000000000,49648256421248313573246050369281359074764863898468220930,2024-01-14T16:03:35.390+0000
partition-user,eyJpbmQiOjk0ODcsImZpcnN0X25hbWUiOiJKb3NlIiwibGFzdF9uYW1lIjoiQmFpbGV5IiwiYWdlIjoyMSwiZGF0ZV9qb2luZWQiOiIyMDE2LTAxLTEwIDA5OjQxOjE0In0=,streaming-0ad8a60ac12f-user,shardId-000000000000,49648256421248313573246050370602714995603653655141548034,2024-01-14T16:03:37.298+0000
partition-user,eyJpbmQiOjc3MiwiZmlyc3RfbmFtZSI6IkdsZW5uIiwibGFzdF9uYW1lIjoiSGFtbW9uZCIsImFnZSI6MjUsImRhdGVfam9pbmVkIjoiMjAxNi0wNC0yNyAwMjo1OToyNyJ9,streaming-0ad8a60ac12f-user,shardId-000000000000,49648256421248313573246050371730642785304102881300840450,2024-01-14T16:03:39.200+0000
partition-user,eyJpbmQiOjc1MTAsImZpcnN0X25hbWUiOiJEZWJyYSIsImxhc3RfbmFtZSI6IkJlY2tlciIsImFnZSI6MjAsImRhdGVfam9pbmVkIjoiMjAxNi0wNy0yNyAwNjoyMDo0OCJ9,streaming-0ad8a60ac12f-user,shardId-000000000000,49648256421248313573246050373481167372106086063714336770,2024-01-14T16:03:42.061+0000
partition-user,eyJpbmQiOjU3NTgsImZpcnN0X25hbWUiOiJBbWFuZGEiLCJsYXN0X25hbWUiOiJBcm5vbGQiLCJhZ2UiOjIwLCJkYXRlX2pvaW5lZCI6IjIwMTUtMTAtMjYgMjM6MDQ6NTIifQ==,streaming-0ad8a60ac12f-user,shardId-000000000000,49648256421248313573246050375219602700711923091819724802,2024-01-14T16:03:44.949+0000
partition-user,eyJpbmQiOjExMzcsImZpcnN0X25hbWUiOiJWaXJnaW5pYSIsImxhc3RfbmFtZSI6IlZlZ2EiLCJhZ2UiOjM4LCJkYXRlX2pvaW5lZCI6IjIwMTctMDUtMDMgMDM6MDg6MzMifQ==,streaming-0ad8a60ac12f-user,shardId-000000000000,49648256421248313573246050376383798265000811055781249026,2024-01-14T16:03:46.806+0000
partition-user,eyJpbmQiOjcyMzQsImZpcnN0X25hbWUiOiJBbmdlbGEiLCJsYXN0X25hbWUiOiJBbGxlbiIsImFnZSI6MjAsImRhdGVfam9pbmVkIjoiMjAxNS0xMC0yNiAwNDoxMjozMiJ9,streaming-0ad8a60ac12f-user,shardId-000000000000,49648256421248313573246050377549202755109313717636956162,2024-01-14T16:03:48.598+0000
partition-user,eyJpbmQiOjMyNywiZmlyc3RfbmFtZSI6IkppbGwiLCJsYXN0X25hbWUiOiJUYXlsb3IiLCJhZ2UiOjM5LCJkYXRlX2pvaW5lZCI6IjIwMTUtMTItMDQgMDM6MTU6MjgifQ==,streaming-0ad8a60ac12f-user,shardId-000000000000,49648256421248313573246050379348084374695882135758176258,2024-01-14T16:03:51.466+0000
partition-user,eyJpbmQiOjc4NzQsImZpcnN0X25hbWUiOiJBYXJvbiIsImxhc3RfbmFtZSI6IkFiYm90dCIsImFnZSI6MjAsImRhdGVfam9pbmVkIjoiMjAxNS0xMC0yMyAxNjowODo0MSJ9,streaming-0ad8a60ac12f-user,shardId-000000000000,49648256421248313573246050380486892496772862955770347522,2024-01-14T16:03:53.289+0000
partition-user,eyJpbmQiOjE0NTAsImZpcnN0X25hbWUiOiJBYXJvbiIsImxhc3RfbmFtZSI6IkFiYm90dCIsImFnZSI6MjAsImRhdGVfam9pbmVkIjoiMjAxNS0xMC0zMSAxODo1MTowNyJ9,streaming-0ad8a60ac12f-user,shardId-000000000000,49648256421248313573246050381551956143853351327405965314,2024-01-14T16:03:55.066+0000
partition-user,eyJpbmQiOjEwMjQ1LCJmaXJzdF9uYW1lIjoiSnVsaWUiLCJsYXN0X25hbWUiOiJDb29rIiwiYWdlIjozNCwiZGF0ZV9qb2luZWQiOiIyMDE2LTA1LTA4IDE2OjI3OjAxIn0=,streaming-0ad8a60ac12f-user,shardId-000000000000,49648256421248313573246050383331494950326085678731886594,2024-01-14T16:03:57.859+0000
partition-user,eyJpbmQiOjkwOTMsImZpcnN0X25hbWUiOiJBbGJlcnQiLCJsYXN0X25hbWUiOiJBZGFtcyIsImFnZSI6MjEsImRhdGVfam9pbmVkIjoiMjAxNS0xMS0wNSAyMjowNzo1NiJ9,streaming-0ad8a60ac12f-user,shardId-000000000000,49648256421248313573246050384446124556010773915249934338,2024-01-14T16:03:59.716+0000
partition-user,eyJpbmQiOjIzMDEsImZpcnN0X25hbWUiOiJLYXJpbmEiLCJsYXN0X25hbWUiOiJNb3J0b24iLCJhZ2UiOjMxLCJkYXRlX2pvaW5lZCI6IjIwMTYtMDEtMjEgMTI6NTM6MzQifQ==,streaming-0ad8a60ac12f-user,shardId-000000000000,49648256421248313573246050385670766411280393475385720834,2024-01-14T16:04:01.823+0000
partition-user,eyJpbmQiOjI3ODgsImZpcnN0X25hbWUiOiJKZXN1cyIsImxhc3RfbmFtZSI6IkFyZWxsYW5vIiwiYWdlIjo0MywiZGF0ZV9qb2luZWQiOiIyMDE2LTAzLTIyIDE1OjQ1OjIxIn0=,streaming-0ad8a60ac12f-user,shardId-000000000000,49648256421248313573246050386851886937043886247793131522,2024-01-14T16:04:03.674+0000
partition-user,eyJpbmQiOjkyNjgsImZpcnN0X25hbWUiOiJBbGV4YW5kZXIiLCJsYXN0X25hbWUiOiJCYWlsZXkiLCJhZ2UiOjIwLCJkYXRlX2pvaW5lZCI6IjIwMTUtMTAtMzAgMTE6Mzc6MzIifQ==,streaming-0ad8a60ac12f-user,shardId-000000000000,49648256421248313573246050388656813185728527811787882498,2024-01-14T16:04:06.482+0000
partition-user,eyJpbmQiOjE3MDYsImZpcnN0X25hbWUiOiJBbXkiLCJsYXN0X25hbWUiOiJBZGFtcyIsImFnZSI6MjAsImRhdGVfam9pbmVkIjoiMjAxNS0xMC0yNCAwNTowNToyOCJ9,streaming-0ad8a60ac12f-user,shardId-000000000000,49648256421248313573246050390552408870884266563885596674,2024-01-14T16:04:09.304+0000
partition-user,eyJpbmQiOjUyOTMsImZpcnN0X25hbWUiOiJEYXZpZCIsImxhc3RfbmFtZSI6IlRheWxvciIsImFnZSI6MzYsImRhdGVfam9pbmVkIjoiMjAxNi0wNi0wMyAyMzo1Mzo1MCJ9,streaming-0ad8a60ac12f-user,shardId-000000000000,49648256421248313573246050392543509695789560952065622018,2024-01-14T16:04:12.070+0000
partition-user,eyJpbmQiOjc3MzMsImZpcnN0X25hbWUiOiJBYXJvbiIsImxhc3RfbmFtZSI6IkFiYm90dCIsImFnZSI6MjAsImRhdGVfam9pbmVkIjoiMjAxNS0xMC0yMyAxNjowODo0MSJ9,streaming-0ad8a60ac12f-user,shardId-000000000000,49648256421248313573246050393915640501052165271515561986,2024-01-14T16:04:13.899+0000
partition-user,eyJpbmQiOjM3MTYsImZpcnN0X25hbWUiOiJDYXRoZXJpbmUiLCJsYXN0X25hbWUiOiJGZXJyZWxsIiwiYWdlIjoyMSwiZGF0ZV9qb2luZWQiOiIyMDE3LTAxLTAyIDAzOjAxOjA5In0=,streaming-0ad8a60ac12f-user,shardId-000000000000,49648256421248313573246050396022798204640464060467380226,2024-01-14T16:04:16.734+0000
partition-user,eyJpbmQiOjM3NTAsImZpcnN0X25hbWUiOiJHYXJ5IiwibGFzdF9uYW1lIjoiQmFya2VyIiwiYWdlIjoyOCwiZGF0ZV9qb2luZWQiOiIyMDE1LTExLTI2IDExOjIzOjUwIn0=,streaming-0ad8a60ac12f-user,shardId-000000000000,49648256421248313573246050398017525807004602404891000834,2024-01-14T16:04:19.458+0000
partition-user,eyJpbmQiOjIzMiwiZmlyc3RfbmFtZSI6IlNhcmFoIiwibGFzdF9uYW1lIjoiQnVjaGFuYW4iLCJhZ2UiOjMzLCJkYXRlX2pvaW5lZCI6IjIwMTctMDQtMTkgMDg6NDk6NDAifQ==,streaming-0ad8a60ac12f-user,shardId-000000000000,49648256421248313573246050399425924386855645530862649346,2024-01-14T16:04:21.330+0000
partition-user,eyJpbmQiOjgzMDAsImZpcnN0X25hbWUiOiJOYXRoYW4iLCJsYXN0X25hbWUiOiJTdGFudG9uIiwiYWdlIjo1MSwiZGF0ZV9qb2luZWQiOiIyMDE3LTA4LTE0IDA4OjI2OjMwIn0=,streaming-0ad8a60ac12f-user,shardId-000000000000,49648256421248313573246050400793219488839791196174811138,2024-01-14T16:04:23.082+0000
partition-user,eyJpbmQiOjg5NzgsImZpcnN0X25hbWUiOiJNYXJrIiwibGFzdF9uYW1lIjoiSm9uZXMiLCJhZ2UiOjM0LCJkYXRlX2pvaW5lZCI6IjIwMTctMDgtMjIgMDA6MDE6MjkifQ==,streaming-0ad8a60ac12f-user,shardId-000000000000,49648256421248313573246050402056546970337078821181718530,2024-01-14T16:04:24.844+0000
partition-user,eyJpbmQiOjIwNDgsImZpcnN0X25hbWUiOiJBbm4iLCJsYXN0X25hbWUiOiJDaHVuZyIsImFnZSI6MjIsImRhdGVfam9pbmVkIjoiMjAxNS0xMS0xOCAyMzoxMToxNSJ9,streaming-0ad8a60ac12f-user,shardId-000000000000,49648256421248313573246050403365813632979722354827460610,2024-01-14T16:04:26.585+0000
partition-user,eyJpbmQiOjEwMzM3LCJmaXJzdF9uYW1lIjoiQ2FycmllIiwibGFzdF9uYW1lIjoiUGFya2VyIiwiYWdlIjo0NiwiZGF0ZV9qb2luZWQiOiIyMDE2LTA5LTExIDIyOjMyOjUwIn0=,streaming-0ad8a60ac12f-user,shardId-000000000000,49648256421248313573246050405327900238214265780253491202,2024-01-14T16:04:29.399+0000
partition-user,eyJpbmQiOjc4MzIsImZpcnN0X25hbWUiOiJTYW11ZWwiLCJsYXN0X25hbWUiOiJIYXdraW5zIiwiYWdlIjozOSwiZGF0ZV9qb2luZWQiOiIyMDE2LTA2LTMwIDAyOjU2OjA2In0=,streaming-0ad8a60ac12f-user,shardId-000000000000,49648256421248313573246050406672225749625733491246235650,2024-01-14T16:04:31.218+0000
partition-user,eyJpbmQiOjgzNjYsImZpcnN0X25hbWUiOiJKdXN0aW4iLCJsYXN0X25hbWUiOiJFd2luZyIsImFnZSI6NTYsImRhdGVfam9pbmVkIjoiMjAxNi0wMi0wNCAyMzoyNzozNiJ9,streaming-0ad8a60ac12f-user,shardId-000000000000,49648256421248313573246050408737071049527520259083337730,2024-01-14T16:04:34.073+0000
partition-user,eyJpbmQiOjMzMzQsImZpcnN0X25hbWUiOiJBbWJlciIsImxhc3RfbmFtZSI6IkNhc2V5IiwiYWdlIjoyMywiZGF0ZV9qb2luZWQiOiIyMDE2LTAxLTA2IDEyOjIyOjA4In0=,streaming-0ad8a60ac12f-user,shardId-000000000000,49648256421248313573246050410904675044096550575489941506,2024-01-14T16:04:36.917+0000
partition-user,eyJpbmQiOjc3OCwiZmlyc3RfbmFtZSI6IkNocmlzdGluZSIsImxhc3RfbmFtZSI6IkFkYW1zIiwiYWdlIjozMSwiZGF0ZV9qb2luZWQiOiIyMDE2LTAyLTA2IDEwOjIyOjUzIn0=,streaming-0ad8a60ac12f-user,shardId-000000000000,49648256421248313573246050412900611572280303549088268290,2024-01-14T16:04:39.688+0000
partition-user,eyJpbmQiOjQ4MCwiZmlyc3RfbmFtZSI6IlRpbW90aHkiLCJsYXN0X25hbWUiOiJTdWxsaXZhbiIsImFnZSI6NDAsImRhdGVfam9pbmVkIjoiMjAxNy0wMS0xMiAwODozNzoxMiJ9,streaming-0ad8a60ac12f-user,shardId-000000000000,49648256421248313573246050414931606949232880768753074178,2024-01-14T16:04:42.525+0000
partition-user,eyJpbmQiOjMwMTEsImZpcnN0X25hbWUiOiJKdXN0aW4iLCJsYXN0X25hbWUiOiJTaW5nbGV0b24iLCJhZ2UiOjIwLCJkYXRlX2pvaW5lZCI6IjIwMTctMDMtMTAgMTk6NTM6NDQifQ==,streaming-0ad8a60ac12f-user,shardId-000000000000,49648256421248313573246050416190098727451709877061156866,2024-01-14T16:04:44.302+0000
partition-user,eyJpbmQiOjk0NzUsImZpcnN0X25hbWUiOiJKZXNzaWNhIiwibGFzdF9uYW1lIjoiTWVqaWEiLCJhZ2UiOjQwLCJkYXRlX2pvaW5lZCI6IjIwMTYtMDEtMDMgMTI6MDM6MDUifQ==,streaming-0ad8a60ac12f-user,shardId-000000000000,49648256421248313573246050417484858280258977791890948098,2024-01-14T16:04:46.239+0000
partition-user,eyJpbmQiOjc1ODYsImZpcnN0X25hbWUiOiJBYXJvbiIsImxhc3RfbmFtZSI6IkFsZXhhbmRlciIsImFnZSI6MjEsImRhdGVfam9pbmVkIjoiMjAxNS0xMC0yNSAwNzozNjowOCJ9,streaming-0ad8a60ac12f-user,shardId-000000000000,49648256421248313573246050418944031744533835411919732738,2024-01-14T16:04:48.106+0000
partition-user,eyJpbmQiOjE4NjQsImZpcnN0X25hbWUiOiJBbGV4YW5kZXIiLCJsYXN0X25hbWUiOiJBZGFtcyIsImFnZSI6MzIsImRhdGVfam9pbmVkIjoiMjAxNS0xMC0yOCAxNTo0ODoyNCJ9,streaming-0ad8a60ac12f-user,shardId-000000000000,49648256421248313573246050420375399914957556423491321858,2024-01-14T16:04:50.095+0000
partition-user,eyJpbmQiOjYwMTQsImZpcnN0X25hbWUiOiJNYXJ5IiwibGFzdF9uYW1lIjoiTHVuYSIsImFnZSI6MjIsImRhdGVfam9pbmVkIjoiMjAxNi0wMS0wMiAwMTo0MDo1MiJ9,streaming-0ad8a60ac12f-user,shardId-000000000000,49648256421248313573246050421637518470635229488042999810,2024-01-14T16:04:51.960+0000
partition-user,eyJpbmQiOjE5NjcsImZpcnN0X25hbWUiOiJKYXkiLCJsYXN0X25hbWUiOiJGbHlubiIsImFnZSI6MjQsImRhdGVfam9pbmVkIjoiMjAxNi0wNS0xMiAxNjoyODoyNyJ9,streaming-0ad8a60ac12f-user,shardId-000000000000,49648256421248313573246050423647962108654357943018323970,2024-01-14T16:04:54.803+0000
partition-user,eyJpbmQiOjE2OTksImZpcnN0X25hbWUiOiJCcmFuZG9uIiwibGFzdF9uYW1lIjoiQ3VtbWluZ3MiLCJhZ2UiOjIyLCJkYXRlX2pvaW5lZCI6IjIwMTYtMDUtMTEgMDE6MzY6MDAifQ==,streaming-0ad8a60ac12f-user,shardId-000000000000,49648256421248313573246050425701927076179613185722023938,2024-01-14T16:04:57.674+0000
partition-user,eyJpbmQiOjQ5OTYsImZpcnN0X25hbWUiOiJKb2huIiwibGFzdF9uYW1lIjoiQW5kZXJzb24iLCJhZ2UiOjI3LCJkYXRlX2pvaW5lZCI6IjIwMTYtMDMtMDMgMDc6Mjg6MzkifQ==,streaming-0ad8a60ac12f-user,shardId-000000000000,49648256421248313573246050427701490381822209978124992514,2024-01-14T16:05:00.518+0000
partition-user,eyJpbmQiOjEwMTY4LCJmaXJzdF9uYW1lIjoiTmljb2xlIiwibGFzdF9uYW1lIjoiR3JheSIsImFnZSI6NTMsImRhdGVfam9pbmVkIjoiMjAxNi0wMi0yMCAxMzowMzowMCJ9,streaming-0ad8a60ac12f-user,shardId-000000000000,49648256421248313573246050429705889390743265287226785794,2024-01-14T16:05:03.548+0000
partition-user,eyJpbmQiOjUzMzMsImZpcnN0X25hbWUiOiJBYXJvbiIsImxhc3RfbmFtZSI6IkNsYXJrIiwiYWdlIjozNSwiZGF0ZV9qb2luZWQiOiIyMDE2LTExLTE5IDIyOjM2OjQ5In0=,streaming-0ad8a60ac12f-user,shardId-000000000000,49648256421248313573246050431016364979205523518766710786,2024-01-14T16:05:05.363+0000
partition-user,eyJpbmQiOjI1NjUsImZpcnN0X25hbWUiOiJBbnRob255IiwibGFzdF9uYW1lIjoiQWRraW5zIiwiYWdlIjoyMSwiZGF0ZV9qb2luZWQiOiIyMDE1LTEwLTI4IDAzOjU5OjQyIn0=,streaming-0ad8a60ac12f-user,shardId-000000000000,49648256421248313573246050432386077932828898511147761666,2024-01-14T16:05:07.245+0000
partition-user,eyJpbmQiOjk3NzgsImZpcnN0X25hbWUiOiJIb2xseSIsImxhc3RfbmFtZSI6IkNhbXBiZWxsIiwiYWdlIjozMCwiZGF0ZV9qb2luZWQiOiIyMDE2LTA3LTA4IDE5OjEwOjM3In0=,streaming-0ad8a60ac12f-user,shardId-000000000000,49648256421248313573246050434789422462222781516622069762,2024-01-14T16:05:10.067+0000
